{
 "mostrami"["mòstrami", "mostrami"]
  "acclamino": ["acclàmino", "acclamino"]
  "solo": ["sòlo", "solo"],
  "papa": ["pàpa", "papà"],
  "principi": ["princìpi", "prìncipi"],
  "luce": ["lùce", "lucé"],
  "legge": ["lègge", "leggé"],
  "salvo": ["sàlvo", "salvó"],
  "giusto": ["giùsto", "giustó"],
  "salmo": ["sàlmo", "salmó"],
  "popolo": ["pòpolo", "popoló"],
  "vita": ["vìta", "vitá"],
  "voce": ["vòce", "vocé"],
  "grazia": ["gràzia", "grazía"],
  "padre": ["pàdre", "padré"],
  "dono": ["dòno", "donó"],
  "guida": ["gùida", "guidà"],
  "prova": ["pròva", "provà"],
  "fuoco": ["fuòco", "fuocó"],
  "cuore": ["cuòre", "cuoré"],
  "ama": ["àma", "amà"],
  "forza": ["fòrza", "forzà"],
  "madre": ["màdre", "madré"],
  "giorni": ["giòrni", "giornì"],
  "volto": ["vòlto", "voltó"],
  "giudica": ["giùdica", "giudicà"],
  "silenzio": ["silènzio", "silenzió"],
  "parola": ["paròla", "parolà"],
  "verità": ["verità", "veritá"],
  "Signore": ["Signòre", "Signóre"],
  "preghiera": ["preghièra", "preghiéra"],
  "ascolta": ["ascòlta", "ascoltà"]
}
